feature,feature_label,chi2,p_value,dof,cramers_v,min_level_count,n_levels
occupation,Occupation,421.362754888135,7.481314161858014e-77,20,0.7505459286592117,1,11
bmi_category,BMI Category,245.66534355746683,5.5883512097923584e-52,4,0.5730877800882278,10,3
gender,Gender,54.306020073534754,1.6128633524576646e-12,2,0.3810554582061548,185,2
