term,feature_label,coef,odds_ratio,ci_low,ci_high,p_value
quality_of_sleep,Quality of Sleep,-1.5549460099736043,0.21120078506912035,0.138670654300726,0.32166698742964855,4.3539129615152773e-13
diastolic_bp,Diastolic BP,0.321047184663112,1.3785706267497577,1.2421629238320535,1.5299578955990243,1.548952343614988e-09
age,Age,0.1611152624746862,1.1748203737137557,1.0943250351904863,1.2612367131422524,8.62640316894256e-06
