feature,vif
age,2.832002938704059
diastolic_bp,2.223411272017459
quality_of_sleep,1.8558294145475365
