config,auc_mean,auc_sd,brier_mean,ece_mean,f1_default_mean,f1_tuned_mean,threshold_mean,threshold_sd,calib_slope_mean,calib_intercept_mean
neg_log_loss + raw,0.9354559662642934,0.03451644674402761,0.08108279527240636,0.09191655455384012,0.8921450652273821,0.8714522419687052,0.5037499999999999,0.15122894004684526,4.822250865095994,5.138230001217832
neg_log_loss + platt,0.9354559662642934,0.03451644674402761,0.08654608028955933,0.09520690571339444,0.8882296268725348,0.8579027512265348,0.5075000000000001,0.1550640893142955,3.099150216696452,7.719242596170145
roc_auc + platt,0.933558607454894,0.033895566761448254,0.08899197768240102,0.0986928200235271,0.8644839508240161,0.8588217020216741,0.49375,0.14986639348912054,19.433454035441223,74.71019282251639
roc_auc + raw,0.933558607454894,0.033895566761448254,0.11460471157261161,0.1579981359589116,0.7381736497919171,0.8516776724241991,0.46625000000000005,0.15291505099404967,70.85485397891306,66.66150840478957
