config,auc_mean,auc_sd,brier_mean,ece_mean,f1_default_mean,f1_tuned_mean,threshold_mean,threshold_sd,calib_slope_mean,calib_intercept_mean
neg_log_loss + raw,0.9379734043359325,0.03174346653492531,0.07478659054096538,0.08544715644066676,0.8964215536692347,0.8638811349181308,0.5349999999999999,0.15072474487604456,19.194713621206244,29.355338105531228
neg_log_loss + platt,0.9379734043359325,0.03174346653492531,0.07951019922930005,0.08836109523128104,0.892684031105623,0.8630512068881157,0.5237499999999999,0.15647867881304767,10.934884867597331,42.255911186650536
roc_auc + platt,0.9368142414391476,0.029694455923330303,0.08352079400420494,0.09470842102610823,0.8783353913487995,0.8624778583527632,0.49124999999999996,0.13534736885662113,1.1258132771868952,0.3731682458658419
roc_auc + raw,0.9368142414391476,0.029694455923330303,0.1169156423124125,0.16671250592672765,0.7017056295647794,0.8315663988759251,0.4925,0.14257251865953363,5.545827980120616,1.3867781065675717
