metric,mean,sd
accuracy,0.8802052157420577,0.041701382282115
macro_f1,0.8492340028504174,0.054689510954967595
macro_auc_ovr,0.9110650505519277,0.03493264189677356
recall_none,0.9207131782945737,0.043879330609785744
recall_insomnia,0.79,0.16198279515407163
recall_sleep_apnea,0.8566470588235293,0.0954218721560308
