model,model_label,fixed_c,fixed_weight,supporting_folds,mean_brier,mean_auc,mean_f1
orig_quality_hr,Original: Quality + HR,0.1,None,19,0.06834500897112365,0.9507951050761094,0.9066270070117923
orig_sleep_pa,Original: Sleep + PA,0.1,None,28,0.07739787783878381,0.9458276771573846,0.8961541173345442
orig_sleep_hr,Original: Sleep + HR,0.1,None,30,0.07681506426355018,0.9433317293969956,0.8947919780207765
orig_quality_pa,Original: Quality + PA,0.1,None,22,0.07170543098327452,0.9476433674534337,0.8993590848800358
compressed,Compressed Derived,0.1,None,31,0.07803397602127041,0.934338374427429,0.8963717607655189
enhanced,Compressed + Interaction,0.1,None,36,0.07762684646375649,0.9358267176221664,0.8916284637573937
