model,model_label,replicates,roc_auc_mean,roc_auc_sd,f1_mean,f1_sd,accuracy_mean,brier_mean,ece_mean
orig_quality_hr,Original: Quality + HR,220,0.933944418371222,0.019193472942790814,0.8972616329151212,0.03658886845753343,0.9173004851670509,0.07606813466324248,0.0684498947508825
orig_quality_pa,Original: Quality + PA,220,0.9339713313640914,0.020633237417874723,0.8934528413894163,0.03669756567584944,0.9143776183645402,0.07615531285554498,0.0698607674912771
compressed,Compressed Derived,220,0.9325580792004553,0.020015473629177806,0.8952255562571726,0.03800013171174913,0.9160166875835974,0.07844810561301879,0.0753042372506792
enhanced,Compressed + Interaction,220,0.9306734705092803,0.021143119512661734,0.8917708633246818,0.03814765544441627,0.9132166249017696,0.07884380782436548,0.06972351899219177
orig_sleep_hr,Original: Sleep + HR,220,0.9341683397372439,0.020383222906925996,0.891264554220554,0.03868058207965923,0.912862633036003,0.07957339386410718,0.07247270179591574
orig_sleep_pa,Original: Sleep + PA,220,0.9326678897907766,0.022523656241586282,0.8893531203296979,0.03800771699391809,0.9113105240141861,0.08097787405113158,0.07596953390904207
