feature,feature_label,coef_median,coef_ci_low,coef_ci_high,prob_positive,prob_negative,sign_stability,or_per_1sd
diastolic_bp,Diastolic BP,0.9411520159580645,0.6769507003243237,1.1818323883326223,1.0,0.0,1.0,2.562932257155896
bmi_risk,BMI Risk,0.9333327046866537,0.6440551214038418,1.2313131862237008,1.0,0.0,1.0,2.5429700391777805
quality_of_sleep,Quality of Sleep,-0.6481974184170516,-0.9043575197141878,-0.4315549978055454,0.0,1.0,1.0,0.5229876555152722
age,Age,0.4017033339687002,0.1166644280005217,0.7174887254325555,1.0,0.0,1.0,1.4943679387036528
male,Male,-0.20779839372181413,-0.5188200569437678,0.17936240350428823,0.1318181818181818,0.8681818181818182,0.8681818181818182,0.8123707992569508
physical_activity_level,Physical Activity Level,-0.06958008737728148,-0.30821864679511984,0.13554151049558116,0.2863636363636364,0.7136363636363636,0.7136363636363636,0.9327854260546997
