left,right,correlation,abs_correlation
Systolic BP,Diastolic BP,0.9728849870932399,0.9728849870932399
Quality of Sleep,Stress Level,-0.898752031004041,0.898752031004041
Sleep Duration,Quality of Sleep,0.8832130004106183,0.8832130004106183
Sleep Duration,Stress Level,-0.8110230278940436,0.8110230278940436
Physical Activity Level,Daily Steps,0.7727230504529327,0.7727230504529327
