feature,feature_label,perm_fdr_full,cramers_v_full,cells_lt5_full,min_expected_full,perm_fdr_dedup,cramers_v_dedup,cells_lt5_dedup,min_expected_dedup,keep_full,keep_dedup,consistency
bmi_category,BMI Category,0.0006662225183211193,0.5730877800882278,2,2.0588235294117645,0.0008327781479013991,0.39365691165121147,3,1.5378787878787878,True,True,stable_keep
bmi_collapsed,BMI Category (Collapsed),0.0006662225183211193,0.8080351207362502,0,32.529411764705884,0.0008327781479013991,0.5410391801431608,0,12.962121212121213,True,True,stable_keep
occupation,Occupation,0.0006662225183211193,0.7505459286592117,12,0.20588235294117646,0.0008327781479013991,0.4848661998196233,22,0.2196969696969697,True,True,stable_keep
occupation_collapsed,Occupation (Collapsed),0.0006662225183211193,0.7417197294103797,2,2.264705882352941,0.0008327781479013991,0.46106849123215077,13,1.5378787878787878,True,True,stable_keep
gender,Gender,0.0006662225183211193,0.3810554582061548,0,38.088235294117645,0.02664890073284477,0.22595124061114494,0,14.280303030303031,True,True,stable_keep
