model,model_label,replicates,roc_auc_mean,roc_auc_sd,f1_mean,f1_sd,accuracy_mean,brier_mean,ece_mean,winner_count,winner_share
orig_quality_pa,Original: Quality + PA,80,0.9342351532199631,0.020708704199338526,0.8884459480433835,0.03517366294211548,0.9134503154478419,0.07624303358476611,0.06400467199883031,31.0,0.3875
orig_quality_hr,Original: Quality + HR,80,0.9324333884276189,0.021558494812839633,0.8891442405269212,0.0373779268524199,0.9142744775707801,0.07678603542694058,0.06510627803467431,32.0,0.4
enhanced,Compressed + Interaction,80,0.9322138738426811,0.02042399356924539,0.8835816337162752,0.034309660195056005,0.9096442109259039,0.07976417927724441,0.06575341286775069,5.0,0.0625
compressed,Compressed Derived,80,0.9309922759092683,0.020436065578271212,0.8841129023922123,0.04265987313260137,0.9105771330084899,0.0798807625697291,0.07049895323874955,7.0,0.0875
orig_sleep_hr,Original: Sleep + HR,80,0.9340167162828589,0.022294756235148122,0.8825444341035729,0.043762663268455904,0.9090498747903097,0.08017977278626535,0.06888901752862833,5.0,0.0625
orig_sleep_pa,Original: Sleep + PA,80,0.9330583180779433,0.0211660686215931,0.8785406169507228,0.044898411585868776,0.906150285133181,0.08263024130297061,0.07188194833467768,0.0,0.0
