class,Age,Heart Rate,Mean Arterial Pressure,Pulse Pressure,Sleep Deficit (vs 7h),Sleep-Stress Balance,Male,BMI Risk
Insomnia,-0.4633886877821712,-0.5439710617844838,-0.4243790005481702,1.0026434215046809,-0.33721815274973554,-0.5679048722449564,-0.13099124384639002,0.42374388508170613
None,0.08342347961470065,-0.15625731294806383,-0.3296330968201899,-0.31832710366072225,0.3514455956171259,0.5382674005519297,0.5791468343691317,-0.43593285804050047
Sleep Apnea,0.3799652081674706,0.7002283747325481,0.7540120973683598,-0.6843163178439589,-0.014227442867389764,0.029637471693026086,-0.44815559052274156,0.01218897295879473
