label,precision,recall,f1-score,support
Insomnia,0.5,0.6666666666666666,0.5714285714285714,9.0
None,0.7727272727272727,0.7727272727272727,0.7727272727272727,22.0
Sleep Apnea,0.5,0.3333333333333333,0.4,9.0
accuracy,0.65,0.65,0.65,0.65
macro avg,0.5909090909090909,0.5909090909090909,0.5813852813852813,40.0
weighted avg,0.65,0.65,0.6435714285714286,40.0
