feature,feature_label,n_levels,chi2,chi2_p,permutation_p,cramers_v,cells_lt5,min_expected,perm_fdr
gender,Gender,2,54.306020073534754,1.6128633524576646e-12,0.0006662225183211193,0.3810554582061548,0,38.088235294117645,0.0006662225183211193
bmi_category,BMI Category,3,245.66534355746683,5.5883512097923584e-52,0.0006662225183211193,0.5730877800882278,2,2.0588235294117645,0.0006662225183211193
bmi_collapsed,BMI Category (Collapsed),2,244.19236287237413,9.425451017373734e-54,0.0006662225183211193,0.8080351207362502,0,32.529411764705884,0.0006662225183211193
occupation,Occupation,11,421.362754888135,7.481314161858014e-77,0.0006662225183211193,0.7505459286592117,12,0.20588235294117646,0.0006662225183211193
occupation_collapsed,Occupation (Collapsed),8,411.51082143346184,4.754706043397613e-79,0.0006662225183211193,0.7417197294103797,2,2.264705882352941,0.0006662225183211193
