model,model_label,scheme,roc_auc_mean,roc_auc_sd,f1_mean,accuracy_mean,brier_mean,most_common_weight,median_best_c
orig_sleep_hr,Original: Sleep + HR,Grouped CV,0.9422351800071229,0.02231261415822896,0.8021253315649867,0.8691455666192509,0.10171502817420737,balanced,0.1
orig_quality_hr,Original: Quality + HR,Grouped CV,0.9358996946206247,0.022995277465007805,0.7804970193205487,0.8671104788999526,0.10424112839982028,None,0.1
orig_sleep_pa,Original: Sleep + PA,Grouped CV,0.9358275932619519,0.026319463304169993,0.8882972582972583,0.9092878141299195,0.10349278583609207,None,0.01
orig_quality_pa,Original: Quality + PA,Grouped CV,0.930628073685088,0.025315868420172707,0.7247983529880082,0.8469834044570886,0.10778818079805871,balanced,0.1
