mean_predicted,fraction_positive
0.17285464572829645,0.0
0.21355560081788552,0.0
0.24883375574753175,0.0
0.5594399551837055,0.6666666666666666
0.7335676292651189,0.875
0.8131119674648811,1.0
