mean_predicted,fraction_positive
0.13241535824455197,0.0
0.17393123100662405,0.0
0.2852803376399073,0.0
0.6888704872337815,0.7142857142857143
0.8371401878701058,0.8571428571428571
0.9042347864262675,1.0
