mean_predicted,fraction_positive
0.3243885798048892,0.0
0.3404639740807831,0.0
0.38870667163419914,0.0
0.46372870520732323,0.7142857142857143
0.49432384335707297,0.8333333333333334
0.5385826364118305,1.0
