model,model_label,auc,brier,ece,calibration_intercept,calibration_slope,default_f1
enhanced,Compressed + Interaction,0.9692082111436949,0.08284290318806889,0.1290383988460943,-1.1690649909034845,2.083836298010945,0.8787878787878788
orig_sleep_pa,Original: Sleep + PA,0.9655425219941348,0.09421024605830564,0.1456304941234962,-0.3171654468294023,2.5230472851964496,0.8787878787878788
compressed,Compressed Derived,0.9736070381231672,0.18200466047673813,0.3069071058268532,2.582097925770669,13.303165482979967,0.5238095238095238
