feature,feature_label,box_tidwell_coef,p_value,fdr
age,Age,-0.2853083312066353,0.4735069094750243,0.631342545966699
sleep_duration,Sleep Duration,-22.483957521944312,0.10950483281428945,0.257229178512671
physical_activity_level,Physical Activity Level,0.214753000524707,0.1286145892563355,0.257229178512671
diastolic_bp,Diastolic BP,0.8049418562327717,0.6494070013099317,0.6494070013099317
