feature,feature_label,coef,odds_ratio,wald_p,bootstrap_ci_low,bootstrap_ci_high
bmi_risk,BMI Risk,0.7022794335325804,2.018348158440969,0.30494953349829157,0.501475624481125,9.791245355856713
diastolic_bp,Diastolic BP,0.24375162431245936,1.27602735695472,0.0011091712519485516,1.100475807232238,1.687576318987078
male,Male,0.043501656387187386,1.0444617243436114,0.9371000268431873,0.27182866221958796,4.234562983880853
physical_activity_level,Physical Activity Level,-0.022828070025633158,0.9774305189317882,0.12426504321319741,0.9341855026933766,1.0098832748965505
age,Age,-0.02407167421509643,0.9762157377535767,0.5940258396816429,0.8777124495230444,1.0613190365208194
sleep_duration,Sleep Duration,-0.2747714009038147,0.7597457805740255,0.5247919110542608,0.28827880695803343,1.713960836309391
